"","text","favorited","favoriteCount","replyToSN","created","truncated","replyToSID","id","replyToUID","statusSource","screenName","retweetCount","isRetweet","retweeted","longitude","latitude"
"1","That's a lot of songs. Music will go on and on.

Two more days to go.

#CarryYourSound unveiling on 17th February. https://t.co/lcvskOw0GM",FALSE,120,NA,2020-02-15 09:30:00,FALSE,NA,"1228612412229570560",NA,"<a href=""https://about.twitter.com/products/tweetdeck"" rel=""nofollow"">TweetDeck</a>","XiaomiIndia",12,FALSE,FALSE,NA,NA
"2","@SamuelSteveSte1 The update will be released soon, we'll keep you posted.",FALSE,2,"SamuelSteveSte1",2020-02-15 08:53:08,FALSE,"1228602611374231552","1228603134202667008","1215210504857116677","<a href=""https://mobile.twitter.com"" rel=""nofollow"">Twitter Web App</a>","XiaomiIndia",1,FALSE,FALSE,NA,NA
"3","@srsantanu36 We hear you.",FALSE,1,"srsantanu36",2020-02-15 08:52:10,FALSE,"1228599349350809600","1228602890941419520","293360018","<a href=""https://mobile.twitter.com"" rel=""nofollow"">Twitter Web App</a>","XiaomiIndia",1,FALSE,FALSE,NA,NA
"4","@chetu_Dhfmvp Our teams are working on it, stay tuned!",FALSE,0,"chetu_Dhfmvp",2020-02-15 08:48:58,FALSE,"1228599027882590209","1228602086159347712","2916771950","<a href=""https://mobile.twitter.com"" rel=""nofollow"">Twitter Web App</a>","XiaomiIndia",1,FALSE,FALSE,NA,NA
"5","@justlalit You shall hear from us soon.",FALSE,1,"justlalit",2020-02-15 08:41:45,FALSE,"1228599558155862016","1228600270986207232","359205735","<a href=""https://mobile.twitter.com"" rel=""nofollow"">Twitter Web App</a>","XiaomiIndia",1,FALSE,FALSE,NA,NA
"6","@_DG_bs We hear you. Our teams are working on releasing the update.",FALSE,3,"_DG_bs",2020-02-15 08:38:56,FALSE,"1228598448171208705","1228599563616841728","1075803605364604929","<a href=""https://mobile.twitter.com"" rel=""nofollow"">Twitter Web App</a>","XiaomiIndia",1,FALSE,FALSE,NA,NA
"7","Capture your special moments with the stunning 32MP AI selfie camera on #MiA3.

The #48MPAndroidOne phone also come… https://t.co/EkCD6Takf8",FALSE,193,NA,2020-02-15 08:33:57,TRUE,NA,"1228598307863183362",NA,"<a href=""https://mobile.twitter.com"" rel=""nofollow"">Twitter Web App</a>","XiaomiIndia",18,FALSE,FALSE,NA,NA
"8","Mi fans, here's the deal of the week. Mi Rechargeable LED Lamp is available at just <U+20B9>999 on https://t.co/D3b3QtmvaT… https://t.co/iiBQuk8R1E",FALSE,189,NA,2020-02-15 05:30:00,TRUE,NA,"1228552014012928000",NA,"<a href=""https://about.twitter.com/products/tweetdeck"" rel=""nofollow"">TweetDeck</a>","XiaomiIndia",13,FALSE,FALSE,NA,NA
"9","More than just great sound. 
Unveiling on 17th February. #CarryYourSound https://t.co/HA4zFb0tFR",FALSE,605,NA,2020-02-14 06:51:18,FALSE,NA,"1228210085354033153",NA,"<a href=""https://mobile.twitter.com"" rel=""nofollow"">Twitter Web App</a>","XiaomiIndia",45,FALSE,FALSE,NA,NA
"10","Perfect gifts for perfect one. Valentine's Day special offers are live on https://t.co/D3b3QtmvaT.

We've curated s… https://t.co/q9KFC4MKmy",FALSE,251,NA,2020-02-13 11:54:18,TRUE,NA,"1227923952770543619",NA,"<a href=""https://about.twitter.com/products/tweetdeck"" rel=""nofollow"">TweetDeck</a>","XiaomiIndia",26,FALSE,FALSE,NA,NA
"11","@techntechonly We're listening!",FALSE,6,"techntechonly",2020-02-13 07:10:12,FALSE,"1227848556666425344","1227852454206656512","1088888448826527744","<a href=""https://mobile.twitter.com"" rel=""nofollow"">Twitter Web App</a>","XiaomiIndia",1,FALSE,FALSE,NA,NA
"12","@vicky_krish_6 It's all about Mi. <U+0001F60E>",FALSE,3,"vicky_krish_6",2020-02-13 07:09:33,FALSE,"1227844927905656832","1227852291346030592","2509396134","<a href=""https://mobile.twitter.com"" rel=""nofollow"">Twitter Web App</a>","XiaomiIndia",1,FALSE,FALSE,NA,NA
"13","@Ana201920 Great! https://t.co/HlRjokhq8F",FALSE,2,"Ana201920",2020-02-13 07:05:56,FALSE,"1227844333857980416","1227851382989803521","1186218513196711936","<a href=""https://mobile.twitter.com"" rel=""nofollow"">Twitter Web App</a>","XiaomiIndia",1,FALSE,FALSE,NA,NA
"14","@Sujit_Kr_Sinha Can we hear a few more guesses? <U+0001F609>",FALSE,1,"Sujit_Kr_Sinha",2020-02-13 06:54:43,FALSE,"1227845245934526464","1227848560068067330","702736356041052164","<a href=""https://mobile.twitter.com"" rel=""nofollow"">Twitter Web App</a>","XiaomiIndia",1,FALSE,FALSE,NA,NA
"15","@imAjayKewat Let's make some noise while we're waiting! <U+0001F60E>#CarryYourSound",FALSE,6,"imAjayKewat",2020-02-13 06:52:36,FALSE,"1227844620005986304","1227848028196749312","4066705994","<a href=""https://mobile.twitter.com"" rel=""nofollow"">Twitter Web App</a>","XiaomiIndia",1,FALSE,FALSE,NA,NA
"16","@Gajwani_Hitesh1 You're being heard! <U+0001F609>",FALSE,7,"Gajwani_Hitesh1",2020-02-13 06:49:18,FALSE,"1227846512551444480","1227847196994703360","1065150668598472705","<a href=""https://mobile.twitter.com"" rel=""nofollow"">Twitter Web App</a>","XiaomiIndia",0,FALSE,FALSE,NA,NA
"17","Time to go big on sound. <U+0001F50A>
While you take a guess, do think about where will you #CarryYourSound. 

Unveiling on 17… https://t.co/xwsCwnMeLd",FALSE,757,NA,2020-02-13 06:37:01,TRUE,NA,"1227844104471449600",NA,"<a href=""https://about.twitter.com/products/tweetdeck"" rel=""nofollow"">TweetDeck</a>","XiaomiIndia",67,FALSE,FALSE,NA,NA
"18","Get faster Wi-Fi for a smooth video streaming and seamless web browsing.

Mi Router 4C comes with 2.4 GHz Wi-Fi wit… https://t.co/M2cL6iiQzj",FALSE,323,NA,2020-02-12 13:30:00,TRUE,NA,"1227585647797399553",NA,"<a href=""https://about.twitter.com/products/tweetdeck"" rel=""nofollow"">TweetDeck</a>","XiaomiIndia",36,FALSE,FALSE,NA,NA
"19","Looking for perfect #ValentinesDay present?

We've curated some interesting options on the Mi valentine's Store.

C… https://t.co/8m3NNdov3p",FALSE,311,NA,2020-02-12 10:17:49,TRUE,NA,"1227537281474367489",NA,"<a href=""https://about.twitter.com/products/tweetdeck"" rel=""nofollow"">TweetDeck</a>","XiaomiIndia",30,FALSE,FALSE,NA,NA
"20","We've got more! Super thrilled to announce that #MiSmartWaterPurifier has won the prestigious @iFDESIGNAWARD for ex… https://t.co/CfaDBq7DC3",FALSE,332,NA,2020-02-11 09:52:15,TRUE,NA,"1227168460242743296",NA,"<a href=""https://about.twitter.com/products/tweetdeck"" rel=""nofollow"">TweetDeck</a>","XiaomiIndia",42,FALSE,FALSE,NA,NA
"21","@Gani3676B @iFDESIGNAWARD https://t.co/hbjqzJRTLB",FALSE,2,"Gani3676B",2020-02-11 05:04:28,FALSE,"1227095168844582912","1227096039582076930","4120118658","<a href=""https://mobile.twitter.com"" rel=""nofollow"">Twitter Web App</a>","XiaomiIndia",2,FALSE,FALSE,NA,NA
"22","We're proud to announce that #MiBeardTrimmer has won the prestigious @iFDESIGNAWARD for excellence in design. 

Bas… https://t.co/5PK3LhrZdR",FALSE,359,NA,2020-02-11 04:56:09,TRUE,NA,"1227093943394791424",NA,"<a href=""https://about.twitter.com/products/tweetdeck"" rel=""nofollow"">TweetDeck</a>","XiaomiIndia",69,FALSE,FALSE,NA,NA
"23","Comfortable and safe.

Mi AirPop Anti-Pollution Mask purifies air with 4-layers of advanced filtration and helps yo… https://t.co/RLNslYi5DF",FALSE,419,NA,2020-02-10 12:40:05,TRUE,NA,"1226848308846399488",NA,"<a href=""https://mobile.twitter.com"" rel=""nofollow"">Twitter Web App</a>","XiaomiIndia",32,FALSE,FALSE,NA,NA
"24","Mi fans, thank you for the incredible response to PatchWall #BingeAwards.

What an event it was - 72 nominees, 12 c… https://t.co/OlIVqRRUKi",FALSE,537,NA,2020-02-10 06:32:21,TRUE,NA,"1226755768088530945",NA,"<a href=""https://studio.twitter.com"" rel=""nofollow"">Twitter Media Studio</a>","XiaomiIndia",62,FALSE,FALSE,NA,NA
"25","Connect and control your IoT devices seamlessly with Mi Router 4C.

Now available on @Flipkart and @amazonIN. https://t.co/dcTjnwtgY6",FALSE,474,NA,2020-02-09 12:30:00,FALSE,NA,"1226483384110608384",NA,"<a href=""https://about.twitter.com/products/tweetdeck"" rel=""nofollow"">TweetDeck</a>","XiaomiIndia",35,FALSE,FALSE,NA,NA
"26","Comfortable with a solid grip.

The unique fishbone structure of Mi Shoes provides the much-needed balance to your… https://t.co/vdtaVA7OQB",FALSE,337,NA,2020-02-09 06:59:42,TRUE,NA,"1226400262442504197",NA,"<a href=""https://mobile.twitter.com"" rel=""nofollow"">Twitter Web App</a>","XiaomiIndia",30,FALSE,FALSE,NA,NA
"27","Engineered for precision grooming.

Mi Beard Trimmer features rounded blades for skin-friendly performance and easy… https://t.co/1ETciKnWVy",FALSE,360,NA,2020-02-08 12:30:00,TRUE,NA,"1226120995523694592",NA,"<a href=""https://about.twitter.com/products/tweetdeck"" rel=""nofollow"">TweetDeck</a>","XiaomiIndia",40,FALSE,FALSE,NA,NA
"28","Mi fans, #DealOfTheDay is here!

Grab the I <U+2764><U+FE0F> Mi T-shirts at an exciting price of <U+20B9>598 for the combo pack.

Buy no… https://t.co/m9EjBZQdje",FALSE,236,NA,2020-02-08 09:48:01,TRUE,NA,"1226080232160915456",NA,"<a href=""https://mobile.twitter.com"" rel=""nofollow"">Twitter Web App</a>","XiaomiIndia",32,FALSE,FALSE,NA,NA
"29","Slip it in your pocket. The ultra-slim and lightweight 10000mAh Mi Power Bank 2i. 

- Dual USB output
- 18W Fast ch… https://t.co/wlG94Fv9BX",FALSE,367,NA,2020-02-08 07:30:00,TRUE,NA,"1226045498248720384",NA,"<a href=""https://about.twitter.com/products/tweetdeck"" rel=""nofollow"">TweetDeck</a>","XiaomiIndia",41,FALSE,FALSE,NA,NA
"30","BOOM! Xiaomi is now the #1PhoneBrand in India - Feature phones + Smartphones.

Now, we are also:

-… https://t.co/ekrmQqtygq",FALSE,1865,NA,2020-02-07 11:08:34,TRUE,NA,"1225738115546923009",NA,"<a href=""https://about.twitter.com/products/tweetdeck"" rel=""nofollow"">TweetDeck</a>","XiaomiIndia",692,FALSE,FALSE,NA,NA
"31","Compact yet spacious, Mi #StepOut Backpack!
So light, you can carry it all day long.

Check it out right here &gt;… https://t.co/p1uB7v3vG4",FALSE,375,NA,2020-02-07 07:38:43,TRUE,NA,"1225685304708698113",NA,"<a href=""https://mobile.twitter.com"" rel=""nofollow"">Twitter Web App</a>","XiaomiIndia",36,FALSE,FALSE,NA,NA
"32","Adjust the brightness level to suit your mood with Mi Motion Activated Night Light 2. 

Check it out &gt;… https://t.co/XZK10TNTDk",FALSE,291,NA,2020-02-06 12:30:00,TRUE,NA,"1225396221004484608",NA,"<a href=""https://about.twitter.com/products/tweetdeck"" rel=""nofollow"">TweetDeck</a>","XiaomiIndia",24,FALSE,FALSE,NA,NA
"33","Make the water you drink pure and safe.  

With Mi Smart Water Purifier, the water passes through 5 stages of purif… https://t.co/6JFzcfnJkf",FALSE,302,NA,2020-02-06 07:05:04,TRUE,NA,"1225314447519956993",NA,"<a href=""https://mobile.twitter.com"" rel=""nofollow"">Twitter Web App</a>","XiaomiIndia",23,FALSE,FALSE,NA,NA
"34","Breathe free, breathe safe with Mi AirPOP PM2.5 Anti-Pollution Mask.

It's 4 layer filtration separates even the sm… https://t.co/gNtc2wzczr",FALSE,362,NA,2020-02-04 05:22:28,TRUE,NA,"1224563851288436736",NA,"<a href=""https://mobile.twitter.com"" rel=""nofollow"">Twitter Web App</a>","XiaomiIndia",26,FALSE,FALSE,NA,NA
"35","Riding around the city or hitting the gym. Step out in style with the compact yet spacious Mi #StepOut Backpack.

V… https://t.co/yjBL2eoEc2",FALSE,337,NA,2020-02-02 06:30:00,TRUE,NA,"1223856071225171968",NA,"<a href=""https://about.twitter.com/products/tweetdeck"" rel=""nofollow"">TweetDeck</a>","XiaomiIndia",24,FALSE,FALSE,NA,NA
"36","Get faster Wi-Fi for every device.
#MiRouter4C comes with 64MB of RAM and can connect to up to 64 devices. https://t.co/hQReHbYLRq",FALSE,494,NA,2020-02-01 12:30:00,FALSE,NA,"1223584280976052231",NA,"<a href=""https://about.twitter.com/products/tweetdeck"" rel=""nofollow"">TweetDeck</a>","XiaomiIndia",33,FALSE,FALSE,NA,NA
"37","Walk in style with a solid grip.

The unique fishbone structure of #MiShoes provide perfect balance and support to… https://t.co/mkRT4wXkzD",FALSE,332,NA,2020-02-01 06:30:00,TRUE,NA,"1223493683447648259",NA,"<a href=""https://about.twitter.com/products/tweetdeck"" rel=""nofollow"">TweetDeck</a>","XiaomiIndia",22,FALSE,FALSE,NA,NA
"38","Earphones in, playlist on, world off.
Work out uninterrupted with Mi Sports Bluetooth Earphones Basic.

Check it ou… https://t.co/jMN8ra2Ib4",FALSE,332,NA,2020-01-31 09:09:45,TRUE,NA,"1223171499042848768",NA,"<a href=""https://mobile.twitter.com"" rel=""nofollow"">Twitter Web App</a>","XiaomiIndia",24,FALSE,FALSE,NA,NA
"39","Smart, elegant light for every corner in your house.

Make your home smarter with a whole range of lights from Mi.… https://t.co/L7LlQfE8yx",FALSE,284,NA,2020-01-30 12:06:12,TRUE,NA,"1222853515858497537",NA,"<a href=""https://mobile.twitter.com"" rel=""nofollow"">Twitter Web App</a>","XiaomiIndia",25,FALSE,FALSE,NA,NA
"40","All the fitness activity tracking and a whole lot more.

Ignite your fitness journey with the #MiSmartBand3i https://t.co/QG5fFIdfLd",FALSE,510,NA,2020-01-30 07:39:35,FALSE,NA,"1222786422135910401",NA,"<a href=""https://mobile.twitter.com"" rel=""nofollow"">Twitter Web App</a>","XiaomiIndia",33,FALSE,FALSE,NA,NA
"41","Charging cable to straps. Find all the accessories you need for your #MiBand3i on https://t.co/D3b3QtmvaT. https://t.co/qg8IPJI1Sd",FALSE,331,NA,2020-01-29 12:43:45,FALSE,NA,"1222500579622051840",NA,"<a href=""https://mobile.twitter.com"" rel=""nofollow"">Twitter Web App</a>","XiaomiIndia",18,FALSE,FALSE,NA,NA
"42","Conquer every style with #MiBeardTrimmer.

The self-sharpening blades deliver accurate cuts and even shape for a pe… https://t.co/ATkPsypRRw",FALSE,410,NA,2020-01-29 05:04:25,TRUE,NA,"1222384985115463680",NA,"<a href=""https://mobile.twitter.com"" rel=""nofollow"">Twitter Web App</a>","XiaomiIndia",24,FALSE,FALSE,NA,NA
"43","With a perfect pop of colour, stand out wherever you go.
Mi Step Out Backpack is available in 4 trendy colors… https://t.co/QULdoxD7fl",FALSE,464,NA,2020-01-28 11:10:30,TRUE,NA,"1222114723237203968",NA,"<a href=""https://mobile.twitter.com"" rel=""nofollow"">Twitter Web App</a>","XiaomiIndia",38,FALSE,FALSE,NA,NA
"44","No hassle of frequent battery changes. 
Mi Portable Wireless Mouse comes with 12 months of battery life. Yes, 12 mo… https://t.co/n1CxAuAFaX",FALSE,468,NA,2020-01-27 09:08:38,TRUE,NA,"1221721667451289600",NA,"<a href=""https://mobile.twitter.com"" rel=""nofollow"">Twitter Web App</a>","XiaomiIndia",32,FALSE,FALSE,NA,NA
"45","Connect and control all your IOT devices seamlessly with the Mi Router 4C.
- 4 High-performance antenna
- 2.4 GHz W… https://t.co/MzcpZLeeVO",FALSE,375,NA,2020-01-26 11:30:00,TRUE,NA,"1221394853751414785",NA,"<a href=""https://about.twitter.com/products/tweetdeck"" rel=""nofollow"">TweetDeck</a>","XiaomiIndia",23,FALSE,FALSE,NA,NA
"46","Let's celebrate the rich heritage and spirit of our country<U+0001F1EE><U+0001F1F3>.

Happy #RepublicDay everyone.

May our nation keep f… https://t.co/6KTPY2m3vG",FALSE,501,NA,2020-01-26 05:05:14,TRUE,NA,"1221298023814184961",NA,"<a href=""https://mobile.twitter.com"" rel=""nofollow"">Twitter Web App</a>","XiaomiIndia",45,FALSE,FALSE,NA,NA
"47","The smart and elegant light for your desk. Adjust the brightness, color temperature, and even the angle of light to… https://t.co/XqHt7HxM44",FALSE,257,NA,2020-01-25 12:30:00,TRUE,NA,"1221047565703172099",NA,"<a href=""https://about.twitter.com/products/tweetdeck"" rel=""nofollow"">TweetDeck</a>","XiaomiIndia",17,FALSE,FALSE,NA,NA
"48","""Best Power bank in this Price. Fast charge with fast charging and 2 USB port."" - Pramod Kumar Mohanty

Know more:… https://t.co/Upyjf6Taw5",FALSE,400,NA,2020-01-25 07:30:00,TRUE,NA,"1220972068470046720",NA,"<a href=""https://about.twitter.com/products/tweetdeck"" rel=""nofollow"">TweetDeck</a>","XiaomiIndia",30,FALSE,FALSE,NA,NA
"49","Customize to your liking, add subtle brightness to every corner with Mi Motion Activated Night Light 2.

Available… https://t.co/avALsgHQQt",FALSE,223,NA,2020-01-24 12:30:00,TRUE,NA,"1220685178936258561",NA,"<a href=""https://about.twitter.com/products/tweetdeck"" rel=""nofollow"">TweetDeck</a>","XiaomiIndia",15,FALSE,FALSE,NA,NA
"50","It's time to #StepOut in style.

Be trendy in all your adventures with the #MiStepOutBackpack.

Available on… https://t.co/meE2DzY5SM",FALSE,276,NA,2020-01-24 09:15:50,TRUE,NA,"1220636313327566848",NA,"<a href=""https://mobile.twitter.com"" rel=""nofollow"">Twitter Web App</a>","XiaomiIndia",18,FALSE,FALSE,NA,NA
"51","The mouse you wouldn't want to let go. The #MiMouse, with a comfort infused design fits naturally in the palm of yo… https://t.co/CSKrv5Z5si",FALSE,439,NA,2020-01-23 10:31:02,TRUE,NA,"1220292850899832833",NA,"<a href=""https://mobile.twitter.com"" rel=""nofollow"">Twitter Web App</a>","XiaomiIndia",25,FALSE,FALSE,NA,NA
"52","@Jesusrochadiaz @Flipkart @amazonIN It will be rolled out in mid-Feb, please stay tuned for more updates on this.",FALSE,9,"Jesusrochadiaz",2020-01-23 07:11:55,FALSE,"1220225249716908032","1220242740874641408","827512382","<a href=""https://mobile.twitter.com"" rel=""nofollow"">Twitter Web App</a>","XiaomiIndia",3,FALSE,FALSE,NA,NA
"53","@gustaf_gustavo @Flipkart @amazonIN The latest update will be rolled out in mid-Feb. Stay tuned!",FALSE,12,"gustaf_gustavo",2020-01-23 07:07:00,FALSE,"1220224736707244033","1220241503764635648","836074461371695105","<a href=""https://mobile.twitter.com"" rel=""nofollow"">Twitter Web App</a>","XiaomiIndia",3,FALSE,FALSE,NA,NA
"54","@bhumiharpriyan3 We're listening, stay tuned!",FALSE,3,"bhumiharpriyan3",2020-01-23 07:03:52,FALSE,"1220229475490680832","1220240714937716736","1219928868469059585","<a href=""https://mobile.twitter.com"" rel=""nofollow"">Twitter Web App</a>","XiaomiIndia",1,FALSE,FALSE,NA,NA
"55","Mi fans, we've got a new price for the #48MPAndroidOne phone - <U+20B9>1<U+20E3>1<U+20E3>9<U+20E3>9<U+20E3>9<U+20E3>

The #MiA3 also comes with:
- Super AMOL… https://t.co/8gJro2d9sE",FALSE,514,NA,2020-01-23 05:58:25,TRUE,NA,"1220224245323558913",NA,"<a href=""https://mobile.twitter.com"" rel=""nofollow"">Twitter Web App</a>","XiaomiIndia",53,FALSE,FALSE,NA,NA
"56","Fake #MiEarphones can easily break because the components are made of cheap plastic. Here are the top quality compa… https://t.co/Hk1oDFZ0UD",FALSE,272,NA,2020-01-22 12:30:00,TRUE,NA,"1219960403234623489",NA,"<a href=""https://about.twitter.com/products/tweetdeck"" rel=""nofollow"">TweetDeck</a>","XiaomiIndia",19,FALSE,FALSE,NA,NA
"57","Mi fans, #RepublicDaySale ends today. The last day to avail offers on audio, fitness, and smart home devices.

Chec… https://t.co/6jXLyW6M8r",FALSE,268,NA,2020-01-22 10:04:12,TRUE,NA,"1219923711890821120",NA,"<a href=""https://mobile.twitter.com"" rel=""nofollow"">Twitter Web App</a>","XiaomiIndia",25,FALSE,FALSE,NA,NA
"58","@Subu99042 @ShaikhE03961008 @waqasshkh @SanathrajShetty @Gajwani_Hitesh1 @BudithiRaman @HarpreetS95 @Monish89286516… https://t.co/9EYnVdNhrd",FALSE,116,"XiaomiIndia",2020-01-22 07:47:47,TRUE,"1214482997174358016","1219889382150139904","2646263522","<a href=""https://mobile.twitter.com"" rel=""nofollow"">Twitter Web App</a>","XiaomiIndia",8,FALSE,FALSE,NA,NA
"59","Smart light solution for a smart home. Enhance safety in your home with Mi Motion Activated Night Light 2.

Availab… https://t.co/0hKlCKBLlx",FALSE,313,NA,2020-01-22 07:29:39,TRUE,NA,"1219884818441240576",NA,"<a href=""https://mobile.twitter.com"" rel=""nofollow"">Twitter Web App</a>","XiaomiIndia",18,FALSE,FALSE,NA,NA
"60","Start your fitness journey with #MiBand3. Available at an offer price of Rs. 1499.

Avail exciting Bank offers &amp; di… https://t.co/NqAks87ctb",FALSE,376,NA,2020-01-22 05:08:33,TRUE,NA,"1219849307597131777",NA,"<a href=""https://mobile.twitter.com"" rel=""nofollow"">Twitter Web App</a>","XiaomiIndia",26,FALSE,FALSE,NA,NA
"61","Light up every step and every corner.
Mi Motion-Activated Night Light 2 is now available anytime on… https://t.co/Er7krZLgeI",FALSE,289,NA,2020-01-21 12:33:28,TRUE,NA,"1219598889583427585",NA,"<a href=""https://mobile.twitter.com"" rel=""nofollow"">Twitter Web App</a>","XiaomiIndia",21,FALSE,FALSE,NA,NA
"62","The beauty of 4D Surround Display of #MiMixAlpha. An endless screen that opens up a universe with no boundaries.… https://t.co/J4aBypCTLT",FALSE,618,NA,2020-01-21 11:42:26,TRUE,NA,"1219586046586785792",NA,"<a href=""https://about.twitter.com/products/tweetdeck"" rel=""nofollow"">TweetDeck</a>","XiaomiIndia",59,FALSE,FALSE,NA,NA
"63","Make your home smart with #MiLEDSmartBulb and #MiHomeSecurityCameraBasic.
Now on offer prices for a limited period.… https://t.co/Wlm3G03lSY",FALSE,347,NA,2020-01-21 07:52:55,TRUE,NA,"1219528286205665286",NA,"<a href=""https://mobile.twitter.com"" rel=""nofollow"">Twitter Web App</a>","XiaomiIndia",20,FALSE,FALSE,NA,NA
"64","Something you have been waiting for. Launching the Mi Router 4C : 

- 4 High-performance antenna 
- Upto 300Mbps sp… https://t.co/oPYqs9nMb5",FALSE,694,NA,2020-01-21 06:37:11,TRUE,NA,"1219509227032498176",NA,"<a href=""https://about.twitter.com/products/tweetdeck"" rel=""nofollow"">TweetDeck</a>","XiaomiIndia",55,FALSE,FALSE,NA,NA
"65","A fake Mi Earphones will have a louder sound that exceeds 80dB which can affect your hearing capability. Here are t… https://t.co/aBpp4VkJDS",FALSE,315,NA,2020-01-20 14:00:00,TRUE,NA,"1219258277508386817",NA,"<a href=""https://studio.twitter.com"" rel=""nofollow"">Twitter Media Studio</a>","XiaomiIndia",21,FALSE,FALSE,NA,NA
"66","The smart way to fight rising pollution levels. Breathe clean indoors with #MiAirPurifier 2C.
Now available at an o… https://t.co/29kfvGw9Oy",FALSE,229,NA,2020-01-20 12:07:40,TRUE,NA,"1219230008528359424",NA,"<a href=""https://mobile.twitter.com"" rel=""nofollow"">Twitter Web App</a>","XiaomiIndia",23,FALSE,FALSE,NA,NA
"67","Stay connected. We will reveal this tomorrow. 

Meanwhile, any guesses? https://t.co/tCgAN5rep5",FALSE,2400,NA,2020-01-20 10:05:59,FALSE,NA,"1219199385357045760",NA,"<a href=""https://mobile.twitter.com"" rel=""nofollow"">Twitter Web App</a>","XiaomiIndia",122,FALSE,FALSE,NA,NA
"68","Mi fans, did you know? The 3.5mm audio jack of fake Mi Earphones is steel plated whereas the one in original Mi Ear… https://t.co/41uIzCzila",FALSE,390,NA,2020-01-19 14:03:01,TRUE,NA,"1218896647565930496",NA,"<a href=""https://mobile.twitter.com"" rel=""nofollow"">Twitter Web App</a>","XiaomiIndia",36,FALSE,FALSE,NA,NA
"69","Up your style game with the best deals on:

#MiSportsShoes on @Flipkart and https://t.co/D3b3QtmvaT #MiBeardTrimmer… https://t.co/UPaVbn9cLq",FALSE,228,NA,2020-01-19 11:30:00,TRUE,NA,"1218858138889158657",NA,"<a href=""https://about.twitter.com/products/tweetdeck"" rel=""nofollow"">TweetDeck</a>","XiaomiIndia",27,FALSE,FALSE,NA,NA
"70","Your music the way you like. Avail a whole lot of discount on an entire range of earphones.

Also enjoy exciting ba… https://t.co/1gRslTnrvl",FALSE,382,NA,2020-01-19 09:50:50,TRUE,NA,"1218833182432186373",NA,"<a href=""https://mobile.twitter.com"" rel=""nofollow"">Twitter Web App</a>","XiaomiIndia",22,FALSE,FALSE,NA,NA
"71","One for the Android lovers. Get the #48MPAndroidOne phone at an offer price.

Also avail exciting bank offers &amp; dis… https://t.co/CV8Ek5bSrh",FALSE,472,NA,2020-01-19 06:55:17,TRUE,NA,"1218789004650283008",NA,"<a href=""https://mobile.twitter.com"" rel=""nofollow"">Twitter Web App</a>","XiaomiIndia",32,FALSE,FALSE,NA,NA
"72","The ultimate tool for well groomed beard. Available at an offer price of Rs. 1,099.

Exclusive early access for:
-… https://t.co/5sa8aLSvmM",FALSE,394,NA,2020-01-18 11:57:58,TRUE,NA,"1218502788302327808",NA,"<a href=""https://mobile.twitter.com"" rel=""nofollow"">Twitter Web App</a>","XiaomiIndia",22,FALSE,FALSE,NA,NA
"73","Step up and make it count with #MiBand3. Available at an offer price of <U+20B9>1499.

Exclusive early access for… https://t.co/Bf1BSMJxLI",FALSE,310,NA,2020-01-18 07:55:18,TRUE,NA,"1218441720024555520",NA,"<a href=""https://mobile.twitter.com"" rel=""nofollow"">Twitter Web App</a>","XiaomiIndia",19,FALSE,FALSE,NA,NA
"74","@appusingh776 @amazonIN @Flipkart We have been working with our partners constantly to roll out the update. There w… https://t.co/Qx8L62TScI",FALSE,2,"appusingh776",2020-01-18 07:10:04,TRUE,"1218427307192283136","1218430337023279109","876683946263805952","<a href=""http://twitter.com/download/android"" rel=""nofollow"">Twitter for Android</a>","XiaomiIndia",1,FALSE,FALSE,NA,NA
"75","The coolest accessory for your computer is here. Check out the all-new #MiPortableWirelessMouse &gt;… https://t.co/deHmyDsMkR",FALSE,319,NA,2020-01-18 05:24:45,TRUE,NA,"1218403834621382657",NA,"<a href=""https://mobile.twitter.com"" rel=""nofollow"">Twitter Web App</a>","XiaomiIndia",23,FALSE,FALSE,NA,NA
"76","There is no match to 100% original. Here are the top 5 reasons you should only buy original #MiPowerbanks.

Go for… https://t.co/fMguexvHps",FALSE,227,NA,2020-01-17 11:29:43,TRUE,NA,"1218133293826105344",NA,"<a href=""https://about.twitter.com/products/tweetdeck"" rel=""nofollow"">TweetDeck</a>","XiaomiIndia",22,FALSE,FALSE,NA,NA
"77","Complete front display.
Complete back display.
And, the display replaces the side frame.

#MiMixAlpha with 4D Surro… https://t.co/SDnaBcQnNF",FALSE,680,NA,2020-01-17 08:08:34,TRUE,NA,"1218082670963355648",NA,"<a href=""https://about.twitter.com/products/tweetdeck"" rel=""nofollow"">TweetDeck</a>","XiaomiIndia",82,FALSE,FALSE,NA,NA
"78","Now you know where to ask ""When is the next #POCO coming"". - @IndiaPOCO https://t.co/39chthAa5U",FALSE,582,NA,2020-01-17 07:49:37,FALSE,NA,"1218077902501294081",NA,"<a href=""http://twitter.com/download/android"" rel=""nofollow"">Twitter for Android</a>","XiaomiIndia",48,FALSE,FALSE,NA,NA
"79","@TheNameIsMukund Thanks!<U+0001F44D>",FALSE,0,"TheNameIsMukund",2020-01-17 06:15:21,FALSE,"1217779296795676672","1218054178829766656","1031932466477654018","<a href=""https://mobile.twitter.com"" rel=""nofollow"">Twitter Web App</a>","XiaomiIndia",1,FALSE,FALSE,NA,NA
"80","@Sam11286149 Thank you!",FALSE,0,"Sam11286149",2020-01-17 06:14:03,FALSE,"1217959885779783681","1218053851787354113","1138284039679254528","<a href=""https://mobile.twitter.com"" rel=""nofollow"">Twitter Web App</a>","XiaomiIndia",1,FALSE,FALSE,NA,NA
"81","What does the future of smartphones look like?

Presenting the #MiMixAlpha with 4D Surround Display.

Discover more… https://t.co/UOOPE7XZZw",FALSE,1252,NA,2020-01-16 08:10:37,TRUE,NA,"1217720797898276864",NA,"<a href=""https://about.twitter.com/products/tweetdeck"" rel=""nofollow"">TweetDeck</a>","XiaomiIndia",118,FALSE,FALSE,NA,NA
"82","@Sujit_Kr_Sinha https://t.co/MLVzuZKorH",FALSE,3,"Sujit_Kr_Sinha",2020-01-16 08:09:27,FALSE,"1217714896692924422","1217720507568517120","702736356041052164","<a href=""https://mobile.twitter.com"" rel=""nofollow"">Twitter Web App</a>","XiaomiIndia",1,FALSE,FALSE,NA,NA
"83","@mitho456 Thanks. We're glad to hear that! #MiMixAlpha",FALSE,1,"7March01",2020-01-16 08:07:36,FALSE,"1217712762924593154","1217720040130088962","1058597848093257728","<a href=""https://mobile.twitter.com"" rel=""nofollow"">Twitter Web App</a>","XiaomiIndia",1,FALSE,FALSE,NA,NA
"84","@NithishSileveru Thank you! #MiMixAlpha",FALSE,1,"NithishSileveru",2020-01-16 07:52:26,FALSE,"1217711146083315713","1217716225863639040","875315881546366976","<a href=""https://mobile.twitter.com"" rel=""nofollow"">Twitter Web App</a>","XiaomiIndia",1,FALSE,FALSE,NA,NA
"85","Mi fans, deal of the day is here! 
Grab your #MiBand3 at just <U+20B9>1599.

Buy now on https://t.co/D3b3QtmvaT, @Flipkart… https://t.co/b2yfDVygPb",FALSE,244,NA,2020-01-16 04:20:58,TRUE,NA,"1217663006668013568",NA,"<a href=""https://mobile.twitter.com"" rel=""nofollow"">Twitter Web App</a>","XiaomiIndia",14,FALSE,FALSE,NA,NA
"86","@Rahulm1625 @manukumarjain We're happy to hear that. <U+0001F60A> #Mi50KStrong",FALSE,0,"Rahulm1625",2020-01-15 13:19:21,FALSE,"1217385874150703104","1217436107874263040","1082507090554281984","<a href=""http://twitter.com/download/android"" rel=""nofollow"">Twitter for Android</a>","XiaomiIndia",1,FALSE,FALSE,NA,NA
"87","Mi fans, don't miss the count! Stay fit with the #MiBand3. 

Get yours tomorrow on https://t.co/D3b3QtmvaT,… https://t.co/LhtddLU9Uy",FALSE,247,NA,2020-01-15 13:00:00,TRUE,NA,"1217431238186680321",NA,"<a href=""https://about.twitter.com/products/tweetdeck"" rel=""nofollow"">TweetDeck</a>","XiaomiIndia",19,FALSE,FALSE,NA,NA
"88","Mi fans, did you know? The USB cable with a fake Mi Powerbank is much smaller in size as compared to the real one.… https://t.co/5BgFc6O0CX",FALSE,293,NA,2020-01-13 12:00:30,TRUE,NA,"1216691489910116358",NA,"<a href=""https://about.twitter.com/products/tweetdeck"" rel=""nofollow"">TweetDeck</a>","XiaomiIndia",32,FALSE,FALSE,NA,NA
"89","Step out in style with the compact yet spacious and stylish #MiStepOutBackpack. 

Now back in stock -… https://t.co/lFtJOhwrs4",FALSE,246,NA,2020-01-13 08:04:47,TRUE,NA,"1216632170027991043",NA,"<a href=""https://mobile.twitter.com"" rel=""nofollow"">Twitter Web App</a>","XiaomiIndia",25,FALSE,FALSE,NA,NA
"90","Look at the packaging carefully and you will know if it's fake or real.

Here's the visual guide that will help you… https://t.co/WDOsdXcz2x",FALSE,321,NA,2020-01-12 07:51:11,TRUE,NA,"1216266358071054337",NA,"<a href=""https://mobile.twitter.com"" rel=""nofollow"">Twitter Web App</a>","XiaomiIndia",32,FALSE,FALSE,NA,NA
"91","""Now you don't have to depend on anybody to change the filter."" - Aman

No hassle with #MiSmartWaterPurifier

Watch… https://t.co/sb6UGyBKZB",FALSE,255,NA,2020-01-11 13:06:41,TRUE,NA,"1215983368824709122",NA,"<a href=""https://about.twitter.com/products/tweetdeck"" rel=""nofollow"">TweetDeck</a>","XiaomiIndia",24,FALSE,FALSE,NA,NA
"92","Eco-friendly is the new cool! Mi Organic Solid T-Shirt is now available at <U+20B9>500 on https://t.co/D3b3QtmvaT. 

Get y… https://t.co/XZB0c1JjKl",FALSE,289,NA,2020-01-10 13:38:01,TRUE,NA,"1215628863985700864",NA,"<a href=""https://mobile.twitter.com"" rel=""nofollow"">Twitter Web App</a>","XiaomiIndia",22,FALSE,FALSE,NA,NA
"93","Mi fans, did you know?
Our cables are tested under temperature ranging from -40° C to 85° C for thermal shock.

Her… https://t.co/5cG8ZQCzNf",FALSE,264,NA,2020-01-09 12:10:08,TRUE,NA,"1215244361920761856",NA,"<a href=""https://studio.twitter.com"" rel=""nofollow"">Twitter Media Studio</a>","XiaomiIndia",25,FALSE,FALSE,NA,NA
"94","What better way to start a year? Your simple act can make a big impact.

The #MiPawsomeCalendar<U+0001F43E> 2020, feat. 12 awe… https://t.co/XwDx3ZpLVn",FALSE,177,NA,2020-01-09 10:43:41,TRUE,NA,"1215222605398999045",NA,"<a href=""https://mobile.twitter.com"" rel=""nofollow"">Twitter Web App</a>","XiaomiIndia",21,FALSE,FALSE,NA,NA
"95","Brighten up your mood and your cozy little corners. 

Now, get your Mi Smart LED Desk Lamp 1S from… https://t.co/lJP6ehG84F",FALSE,311,NA,2020-01-08 13:30:00,TRUE,NA,"1214902071901573120",NA,"<a href=""https://about.twitter.com/products/tweetdeck"" rel=""nofollow"">TweetDeck</a>","XiaomiIndia",25,FALSE,FALSE,NA,NA
"96","""I found it is BIS certified and the Penta purification technology makes sure that the water is pure and safe to dr… https://t.co/5ANynU2qYZ",FALSE,234,NA,2020-01-08 12:11:02,TRUE,NA,"1214882201243770882",NA,"<a href=""https://studio.twitter.com"" rel=""nofollow"">Twitter Media Studio</a>","XiaomiIndia",23,FALSE,FALSE,NA,NA
"97","Do spread the word, Mi fans. Tag the person who would like to have one of these awesome #MiPawsomeCalendar 2020. https://t.co/tv4XYiL68Z",FALSE,236,NA,2020-01-08 08:42:55,FALSE,NA,"1214829826005061632",NA,"<a href=""https://mobile.twitter.com"" rel=""nofollow"">Twitter Web App</a>","XiaomiIndia",24,FALSE,FALSE,NA,NA
"98","We're glad to see so many of you care about pets and pet adoption.

The #MiPawsomeCalendar<U+0001F43E> 2020 feat. 12 pawsome m… https://t.co/hHLMZFecs2",FALSE,248,NA,2020-01-08 08:39:26,TRUE,NA,"1214828947126411266",NA,"<a href=""https://studio.twitter.com"" rel=""nofollow"">Twitter Media Studio</a>","XiaomiIndia",29,FALSE,FALSE,NA,NA
"99","One home for all things Xiaomi, #MiHome offers a complete Xiaomi experience to all our Mi Fans. Checkout all our ne… https://t.co/KUk7WoioSb",FALSE,287,NA,2020-01-08 04:45:15,TRUE,NA,"1214770016005939202",NA,"<a href=""https://studio.twitter.com"" rel=""nofollow"">Twitter Media Studio</a>","XiaomiIndia",25,FALSE,FALSE,NA,NA
"100","""The most unique feature of this purifier is that the app itself notifies you about the filter life"" 

That's the t… https://t.co/7sYKZdKOHo",FALSE,178,NA,2020-01-07 12:41:38,TRUE,NA,"1214527513222795264",NA,"<a href=""https://studio.twitter.com"" rel=""nofollow"">Twitter Media Studio</a>","XiaomiIndia",16,FALSE,FALSE,NA,NA
"101","Congratulations! @Subu99042 @ShaikhE03961008 @waqasshkh @AmarSin55632236 @SanathrajShetty @Gajwani_Hitesh1… https://t.co/7ErfJSxTTr",FALSE,192,NA,2020-01-07 09:44:45,TRUE,NA,"1214482997174358016",NA,"<a href=""https://mobile.twitter.com"" rel=""nofollow"">Twitter Web App</a>","XiaomiIndia",31,FALSE,FALSE,NA,NA
"102","@Subu99042 @ShaikhE03961008 @waqasshkh @AmarSin55632236 @SanathrajShetty @Gajwani_Hitesh1 @BudithiRaman… https://t.co/sk1kYOETqF",FALSE,2,"Subu99042",2020-01-07 09:42:49,TRUE,NA,"1214482512535121920","869422876302114817","<a href=""https://mobile.twitter.com"" rel=""nofollow"">Twitter Web App</a>","XiaomiIndia",2,FALSE,FALSE,NA,NA
"103","@Subu99042 @ShaikhE03961008 @waqasshkh @AmarSin55632236 @SanathrajShetty @Gajwani_Hitesh1 @BudithiRaman… https://t.co/8FqpExIyAT",FALSE,2,"Subu99042",2020-01-07 09:39:59,TRUE,NA,"1214481800841453568","869422876302114817","<a href=""https://mobile.twitter.com"" rel=""nofollow"">Twitter Web App</a>","XiaomiIndia",2,FALSE,FALSE,NA,NA
"104","Congratulations! Please DM us to claim your Mi Smart band 4. @M_Owais10 @srai5262 @Gajwani_Hitesh1 @ananthnani… https://t.co/SahUyDeuNC",FALSE,145,NA,2020-01-07 09:39:40,TRUE,NA,"1214481717433516032",NA,"<a href=""https://mobile.twitter.com"" rel=""nofollow"">Twitter Web App</a>","XiaomiIndia",28,FALSE,FALSE,NA,NA
"105","Mi Fans, here's @ankitv revealing fake vs real, starting with the Mi USB cable #FearTheFake.

Identify fake vs real… https://t.co/nB52hEl3fT",FALSE,352,NA,2020-01-07 07:38:43,TRUE,NA,"1214451280787070976",NA,"<a href=""https://studio.twitter.com"" rel=""nofollow"">Twitter Media Studio</a>","XiaomiIndia",52,FALSE,FALSE,NA,NA
"106","A fake Xiaomi accessory or gadget can have a lot more disadvantages than you think.

We're gonna bust a lot of myth… https://t.co/bjiWQyKyJK",FALSE,442,NA,2020-01-06 11:49:05,TRUE,NA,"1214151902050471936",NA,"<a href=""http://twitter.com/download/android"" rel=""nofollow"">Twitter for Android</a>","XiaomiIndia",57,FALSE,FALSE,NA,NA
"107","This 'One' is for android lovers. Stand out in a world of ordinary with the #48MPAndroidOne phone #MiA3.

Available… https://t.co/jB9Y6Y3L5J",FALSE,413,NA,2020-01-06 05:36:22,TRUE,NA,"1214058104716853250",NA,"<a href=""https://about.twitter.com/products/tweetdeck"" rel=""nofollow"">TweetDeck</a>","XiaomiIndia",28,FALSE,FALSE,NA,NA
"108","Air inside your home too contains harmful pollutants. 

Ensure clean and healthy air indoors with #MiAirPurifier2C.… https://t.co/utqHdast8S",FALSE,264,NA,2020-01-04 12:24:32,TRUE,NA,"1213436045917687808",NA,"<a href=""http://twitter.com/download/android"" rel=""nofollow"">Twitter for Android</a>","XiaomiIndia",22,FALSE,FALSE,NA,NA
"109","Get fit with Mi! Switch to a #FitterMi2020 with our range of Mi Bands. Get yours now from https://t.co/D3b3QtmvaT. https://t.co/rvwberNbom",FALSE,324,NA,2020-01-03 08:30:31,FALSE,NA,"1213014766123241472",NA,"<a href=""https://mobile.twitter.com"" rel=""nofollow"">Twitter Web App</a>","XiaomiIndia",25,FALSE,FALSE,NA,NA
"110","@akhil_kore We hear you!",FALSE,2,"akhil_kore",2020-01-02 10:34:42,FALSE,"1212086920869634049","1212683631044378624","851004990927843328","<a href=""https://mobile.twitter.com"" rel=""nofollow"">Twitter Web App</a>","XiaomiIndia",1,FALSE,FALSE,NA,NA
"111","@SanathrajShetty https://t.co/R9axfCuzqD",FALSE,2,"SanathrajShetty",2020-01-02 04:52:43,FALSE,"1212278898391539713","1212597566140899328","1001473672647852032","<a href=""https://mobile.twitter.com"" rel=""nofollow"">Twitter Web App</a>","XiaomiIndia",1,FALSE,FALSE,NA,NA
"112","@Batman66585564 We're listening!",FALSE,1,"Batman66585564",2020-01-02 04:52:21,FALSE,"1212086374565908481","1212597472733741056","1080503978243219456","<a href=""https://mobile.twitter.com"" rel=""nofollow"">Twitter Web App</a>","XiaomiIndia",1,FALSE,FALSE,NA,NA
"113","@DrS_Satapathy01 Just wait and see! You'll be surprised.",FALSE,3,"DrS_Satapathy01",2020-01-02 04:51:01,FALSE,"1212341757775667201","1212597138057613313","988424742162984960","<a href=""https://mobile.twitter.com"" rel=""nofollow"">Twitter Web App</a>","XiaomiIndia",1,FALSE,FALSE,NA,NA
"114","@shaklen_ahmad A lot of interesting products are in the pipeline! Stay tuned!",FALSE,1,"shaklen_ahmad",2020-01-02 04:47:13,FALSE,"1212087034665480192","1212596183786328066","2426002574","<a href=""https://mobile.twitter.com"" rel=""nofollow"">Twitter Web App</a>","XiaomiIndia",1,FALSE,FALSE,NA,NA
"115","@gurdeepdeepaa https://t.co/W0dj2u8xnE",FALSE,2,"gurdeepdeepaa",2020-01-02 04:44:41,FALSE,"1212366808562331649","1212595546470273024","2889223242","<a href=""https://mobile.twitter.com"" rel=""nofollow"">Twitter Web App</a>","XiaomiIndia",0,FALSE,FALSE,NA,NA
"116","@HarshitK2002 Same to you! <U+0001F60A>",FALSE,1,"HarshitK2002",2020-01-02 04:44:13,FALSE,"1212084253984542720","1212595426097954819","771753641007079424","<a href=""https://mobile.twitter.com"" rel=""nofollow"">Twitter Web App</a>","XiaomiIndia",1,FALSE,FALSE,NA,NA
"117","Here's wishing all our Mi Fans a spectacular #NewYear! This year, we promise to bring you more that'll be worth cel… https://t.co/hfmAPTdtMw",FALSE,1042,NA,2019-12-31 18:48:13,TRUE,NA,"1212083050206490624",NA,"<a href=""http://twitter.com/download/android"" rel=""nofollow"">Twitter for Android</a>","XiaomiIndia",116,FALSE,FALSE,NA,NA
"118","Mi fans, here's what we were up to in 2019, our craziest year yet.

Comment and tell us your favourite Xiaomi momen… https://t.co/1mIZ2vlrUn",FALSE,1632,NA,2019-12-31 11:06:08,TRUE,NA,"1211966763560079360",NA,"<a href=""https://studio.twitter.com"" rel=""nofollow"">Twitter Media Studio</a>","XiaomiIndia",511,FALSE,FALSE,NA,NA
"119","Fitness on your mind? We've got your #NewYear2020 resolutions covered!

Make every step count with #MiBand3.

Buy y… https://t.co/BURG3gYSN2",FALSE,469,NA,2019-12-30 07:30:00,TRUE,NA,"1211549983532433411",NA,"<a href=""https://about.twitter.com/products/tweetdeck"" rel=""nofollow"">TweetDeck</a>","XiaomiIndia",198,FALSE,FALSE,NA,NA
"120","For every #Xiaomi toy that you buy, you can positively impact the lives of 2 children - yours and someone else's.… https://t.co/A7cWn5YrbX",FALSE,347,NA,2019-12-30 06:04:15,TRUE,NA,"1211528402924007424",NA,"<a href=""https://mobile.twitter.com"" rel=""nofollow"">Twitter Web App</a>","XiaomiIndia",144,FALSE,FALSE,NA,NA
"121","Looking for the #BestOf2019 Android smartphones? Choose #RedmiGo and #MiA3.

Now at special festive prices. Get you… https://t.co/kVpAyRWh6M",FALSE,493,NA,2019-12-28 08:57:38,TRUE,NA,"1210847262839980033",NA,"<a href=""http://twitter.com/download/android"" rel=""nofollow"">Twitter for Android</a>","XiaomiIndia",177,FALSE,FALSE,NA,NA
"122","#NewYear calls for newer fitness resolutions! <U+0001F3CB><U+FE0F><U+200D><U+2642><U+FE0F>

Start your fitness journey with the all-new #MiSmartBand3i. <U+0001F4AA>… https://t.co/Ee4lkxwsny",FALSE,423,NA,2019-12-27 13:50:50,TRUE,NA,"1210558658779566081",NA,"<a href=""https://mobile.twitter.com"" rel=""nofollow"">Twitter Web App</a>","XiaomiIndia",167,FALSE,FALSE,NA,NA
"123","Looking for #Android? Get the lowest price ever on #RedmiGo and #MiA3 in the #BestOf2019 sale.

Avail the best offe… https://t.co/84BEy4fTlJ",FALSE,450,NA,2019-12-27 06:50:00,TRUE,NA,"1210452754314878977",NA,"<a href=""https://mobile.twitter.com"" rel=""nofollow"">Twitter Web App</a>","XiaomiIndia",204,FALSE,FALSE,NA,NA
"124","@karthickraj370 @Flipkart @amazonIN We're working on it. You'll get it soon!",FALSE,3,"karthickraj370",2019-12-26 09:47:21,FALSE,"1210134194627608576","1210134999598432258","1533697016","<a href=""https://mobile.twitter.com"" rel=""nofollow"">Twitter Web App</a>","XiaomiIndia",1,FALSE,FALSE,NA,NA
"125","@Vasanth23631058 @Flipkart @amazonIN #108MP is coming soon! Stay tuned.",FALSE,1,"Vasanth23631058",2019-12-26 09:46:58,FALSE,"1210134154341339136","1210134900155670534","1203260765198618624","<a href=""https://mobile.twitter.com"" rel=""nofollow"">Twitter Web App</a>","XiaomiIndia",1,FALSE,FALSE,NA,NA
"126","Looking for #Android? Get the lowest price ever on #RedmiGo and #MiA3 in the #BestOf2019 sale.

Avail the best offe… https://t.co/86y8WtjevZ",FALSE,426,NA,2019-12-26 09:42:40,TRUE,NA,"1210133821300994048",NA,"<a href=""https://mobile.twitter.com"" rel=""nofollow"">Twitter Web App</a>","XiaomiIndia",205,FALSE,FALSE,NA,NA
"127","@ankit1119 @TeachForIndia Awesome! <U+0001F44F>",FALSE,1,"ankit1119",2019-12-26 07:18:12,FALSE,"1210095805819830272","1210097465367465984","162043511","<a href=""https://mobile.twitter.com"" rel=""nofollow"">Twitter Web App</a>","XiaomiIndia",1,FALSE,FALSE,NA,NA
"128","For every #Xiaomi toy that you buy, you can positively impact the lives of 2 children - yours and someone else's.… https://t.co/QJtsfrdu1r",FALSE,315,NA,2019-12-26 07:10:06,TRUE,NA,"1210095424620486656",NA,"<a href=""https://mobile.twitter.com"" rel=""nofollow"">Twitter Web App</a>","XiaomiIndia",176,FALSE,FALSE,NA,NA
"129","Mi Fans! It's the last day of the #1MiFanSale!

Don't miss grabbing huge discounts and exciting offers on #RedmiGo… https://t.co/Z0R2l4Ob7z",FALSE,346,NA,2019-12-25 10:53:50,TRUE,NA,"1209789343662923776",NA,"<a href=""http://twitter.com/download/android"" rel=""nofollow"">Twitter for Android</a>","XiaomiIndia",152,FALSE,FALSE,NA,NA
"130","This #Christmas, help us spread the <U+2665><U+FE0F>.

For every #Xiaomi toy that you buy, we'll contribute proceeds to sponsor t… https://t.co/rvprJ9WZ4V",FALSE,346,NA,2019-12-25 07:10:30,TRUE,NA,"1209733138294788096",NA,"<a href=""http://twitter.com/download/android"" rel=""nofollow"">Twitter for Android</a>","XiaomiIndia",185,FALSE,FALSE,NA,NA
"131","Mi Fans, here's wishing you all a very #MerryChristmas! Shine on <U+2728> https://t.co/J16pmw90jB",FALSE,456,NA,2019-12-25 04:43:40,FALSE,NA,"1209696184694005761",NA,"<a href=""http://twitter.com/download/android"" rel=""nofollow"">Twitter for Android</a>","XiaomiIndia",152,FALSE,FALSE,NA,NA
"132","Avail the best offers on #MiA3 &amp; #RedmiGo in the #1MiFanSale!

Get yours from https://t.co/D3b3QtmvaT, @Flipkart,… https://t.co/GeKFR3BF5o",FALSE,337,NA,2019-12-24 13:00:00,TRUE,NA,"1209458704904421376",NA,"<a href=""https://about.twitter.com/products/tweetdeck"" rel=""nofollow"">TweetDeck</a>","XiaomiIndia",166,FALSE,FALSE,NA,NA
"133","Pet adoption is close to our hearts.

Here's a little something we have been doing to help find these abandoned pet… https://t.co/4XVBYlpgYs",FALSE,263,NA,2019-12-24 07:34:42,TRUE,NA,"1209376842114715650",NA,"<a href=""http://twitter.com/download/android"" rel=""nofollow"">Twitter for Android</a>","XiaomiIndia",127,FALSE,FALSE,NA,NA
"134","All these pictures were #ShotOnMiA3 with the hope of finding them a home &amp; getting them adopted.

Do check out:… https://t.co/MD4mkg7mbb",FALSE,67,"XiaomiIndia",2019-12-24 07:21:46,TRUE,"1209373573451616266","1209373584323301376","2646263522","<a href=""http://twitter.com/download/android"" rel=""nofollow"">Twitter for Android</a>","XiaomiIndia",13,FALSE,FALSE,NA,NA
"135","We at Xiaomi, care strongly about the cause of pet adoption.

Together with @CupaIndia we wish to bring people's at… https://t.co/PbdvxiIH3V",FALSE,88,"XiaomiIndia",2019-12-24 07:21:43,TRUE,"1209334280821727232","1209373573451616266","2646263522","<a href=""http://twitter.com/download/android"" rel=""nofollow"">Twitter for Android</a>","XiaomiIndia",14,FALSE,FALSE,NA,NA
"136","Here's where you can purchase the toys and truly make this a season of joy - https://t.co/mi4Ya5BCmY https://t.co/MojZZNhkQF",FALSE,314,NA,2019-12-24 06:27:13,FALSE,NA,"1209359858287251456",NA,"<a href=""https://mobile.twitter.com"" rel=""nofollow"">Twitter Web App</a>","XiaomiIndia",174,FALSE,FALSE,NA,NA
"137","As the season of joy &amp; happiness comes full circle, let's take a moment to realise the hardships of the children.… https://t.co/5tZoQoFrT0",FALSE,329,NA,2019-12-24 05:59:33,TRUE,NA,"1209352894299791360",NA,"<a href=""https://studio.twitter.com"" rel=""nofollow"">Twitter Media Studio</a>","XiaomiIndia",151,FALSE,FALSE,NA,NA
"138","Presenting the Mi Pawsome 2020 Calendar feat. 12 pawsome models.<U+0001F436>

It's part of our efforts to rehabilitate abandon… https://t.co/u6vKbRPmhF",FALSE,549,NA,2019-12-24 04:45:35,TRUE,NA,"1209334280821727232",NA,"<a href=""https://about.twitter.com/products/tweetdeck"" rel=""nofollow"">TweetDeck</a>","XiaomiIndia",317,FALSE,FALSE,NA,NA
"139","@DobriyalMr @ICICIBank @Flipkart @amazonIN @manukumarjain We're working on it. It will be rolled out soon!",FALSE,1,"DobriyalMr",2019-12-23 13:41:53,FALSE,"1209097674684682240","1209106858331394049","1037734551894732800","<a href=""https://mobile.twitter.com"" rel=""nofollow"">Twitter Web App</a>","XiaomiIndia",1,FALSE,FALSE,NA,NA
"140","Discounts are calling! Best prices on #MiA3 &amp; #RedmiGo! #1MiFanSale

Avail 10% Instant Discount* on @ICICIBank Cred… https://t.co/DXkt88v51l",FALSE,344,NA,2019-12-23 13:00:01,TRUE,NA,"1209096319815434241",NA,"<a href=""https://about.twitter.com/products/tweetdeck"" rel=""nofollow"">TweetDeck</a>","XiaomiIndia",124,FALSE,FALSE,NA,NA
"141","@theluckyanurag Hey, can you DM @MiIndiaSupport with the order id? Our concerned team will help you ASAP.",FALSE,0,"theluckyanurag",2019-12-23 11:54:38,FALSE,"1209058538854596608","1209079868333281281","3161387814","<a href=""https://mobile.twitter.com"" rel=""nofollow"">Twitter Web App</a>","XiaomiIndia",1,FALSE,FALSE,NA,NA
"142","Stay charged on the go with #MiCarCharger (3.6A Fast Charging)!

Get it in the #1MiFanSale for just <U+20B9>499.

Sale sta… https://t.co/8tmzMqmmsb",FALSE,217,NA,2019-12-23 11:53:41,TRUE,NA,"1209079629039816704",NA,"<a href=""https://mobile.twitter.com"" rel=""nofollow"">Twitter Web App</a>","XiaomiIndia",103,FALSE,FALSE,NA,NA
"143","@Tutul10098990 Glad to hear that!",FALSE,0,"Tutul10098990",2019-12-23 11:53:13,FALSE,"1209065795419926528","1209079508285808640","1139460610570125313","<a href=""https://mobile.twitter.com"" rel=""nofollow"">Twitter Web App</a>","XiaomiIndia",1,FALSE,FALSE,NA,NA
"144","@mdsami5528 Awesome!",FALSE,2,"mdsami5528",2019-12-23 11:52:24,FALSE,"1209062568729296897","1209079304165806081","1151848172597043200","<a href=""https://mobile.twitter.com"" rel=""nofollow"">Twitter Web App</a>","XiaomiIndia",1,FALSE,FALSE,NA,NA
"145","All I want for #Christmas is the #MiCompactBluetoothSpeaker2!

Listen to the season's biggest hits on the most comp… https://t.co/KXQQuFcMGL",FALSE,348,NA,2019-12-23 09:30:00,TRUE,NA,"1209043468066181122",NA,"<a href=""https://about.twitter.com/products/tweetdeck"" rel=""nofollow"">TweetDeck</a>","XiaomiIndia",183,FALSE,FALSE,NA,NA
"146","@09sanjay09 @ICICIBank @Flipkart @amazonIN Stay tuned for more updates on the same!",FALSE,1,"09sanjay09",2019-12-23 05:23:54,FALSE,"1208822968199110664","1208981537317736448","925035159669239808","<a href=""https://mobile.twitter.com"" rel=""nofollow"">Twitter Web App</a>","XiaomiIndia",1,FALSE,FALSE,NA,NA
"147","@abinanthanjain @ICICIBank @Flipkart @amazonIN @MiIndiaSupport The price struckthrough is the MRP of the product!",FALSE,1,"abinanthanjain",2019-12-23 05:23:30,FALSE,"1208801934313832448","1208981432862793728","2216930435","<a href=""https://mobile.twitter.com"" rel=""nofollow"">Twitter Web App</a>","XiaomiIndia",1,FALSE,FALSE,NA,NA
"148","@yoyorajsoni @ICICIBank @Flipkart @amazonIN Our team is working on it. We'll update you when we roll out the update. Stay tuned!",FALSE,2,"yoyorajsoni",2019-12-23 05:20:22,FALSE,"1208734224557264896","1208980647856898049","715570219117219845","<a href=""https://mobile.twitter.com"" rel=""nofollow"">Twitter Web App</a>","XiaomiIndia",1,FALSE,FALSE,NA,NA
"149","@DaggupatiCse @ICICIBank @Flipkart @amazonIN We hear you!",FALSE,2,"DaggupatiCse",2019-12-23 05:19:36,FALSE,"1208893725595684865","1208980451827695616","475617512","<a href=""https://mobile.twitter.com"" rel=""nofollow"">Twitter Web App</a>","XiaomiIndia",1,FALSE,FALSE,NA,NA
"150","@Prabhakarkarn12 To know all the offers, visit: https://t.co/N2BlKnEFlI",FALSE,2,"Prabhakarkarn12",2019-12-23 05:19:07,FALSE,"1208978806209302528","1208980333124714497","4844608632","<a href=""https://mobile.twitter.com"" rel=""nofollow"">Twitter Web App</a>","XiaomiIndia",1,FALSE,FALSE,NA,NA
"151","@MohnishG2 https://t.co/jQeohZ60Sq",FALSE,3,"MohnishG2",2019-12-23 05:18:33,FALSE,"1208957646285361152","1208980187288702976","1032272450879336449","<a href=""https://mobile.twitter.com"" rel=""nofollow"">Twitter Web App</a>","XiaomiIndia",0,FALSE,FALSE,NA,NA
"152","Love toys? How about building one?

Catch the #MiDuneBuggyBuilder for a special price of just <U+20B9>999 on… https://t.co/isiTgXpGf2",FALSE,368,NA,2019-12-23 03:29:12,TRUE,NA,"1208952671161344001",NA,"<a href=""https://mobile.twitter.com"" rel=""nofollow"">Twitter Web App</a>","XiaomiIndia",207,FALSE,FALSE,NA,NA
"153","Exclusive discounts on #MiA3 and #RedmiGo! #1MiFanSale

Avail 10% Instant Discount* on @ICICIBank Credit Cards &amp; EM… https://t.co/1jv64wTpMj",FALSE,343,NA,2019-12-22 13:00:00,TRUE,NA,"1208733928460148736",NA,"<a href=""https://about.twitter.com/products/tweetdeck"" rel=""nofollow"">TweetDeck</a>","XiaomiIndia",169,FALSE,FALSE,NA,NA
"154","Route the spirit of the #Christmas season to your home with the iconic #MiRouter3C!

Going on sale for just <U+20B9>499 ex… https://t.co/OnKNr8wzWW",FALSE,349,NA,2019-12-22 11:30:00,TRUE,NA,"1208711278392463360",NA,"<a href=""https://about.twitter.com/products/tweetdeck"" rel=""nofollow"">TweetDeck</a>","XiaomiIndia",194,FALSE,FALSE,NA,NA
"155","#Christmas is best experienced with friends, family and Wi-Fi! And we've got you covered.

#Mi Wi-Fi Repeater 2 is… https://t.co/Ej0ieuT5FW",FALSE,314,NA,2019-12-22 09:30:00,TRUE,NA,"1208681079772569600",NA,"<a href=""https://about.twitter.com/products/tweetdeck"" rel=""nofollow"">TweetDeck</a>","XiaomiIndia",112,FALSE,FALSE,NA,NA
"156","Jingle all the way! Celebrate the #Christmas spirit with exclusive deals on #Xiaomi audio products!

Check out the… https://t.co/R64WfRgecN",FALSE,540,NA,2019-12-22 07:00:00,TRUE,NA,"1208643331451809793",NA,"<a href=""https://about.twitter.com/products/tweetdeck"" rel=""nofollow"">TweetDeck</a>","XiaomiIndia",140,FALSE,FALSE,NA,NA
"157","Script your #NewYear story with #MiRollerballPen. 

Going on sale for just <U+20B9>99 on https://t.co/D3b3QtmvaT!… https://t.co/qHEBApBhQE",FALSE,367,NA,2019-12-22 03:30:00,TRUE,NA,"1208590482588090370",NA,"<a href=""https://about.twitter.com/products/tweetdeck"" rel=""nofollow"">TweetDeck</a>","XiaomiIndia",122,FALSE,FALSE,NA,NA
"158","'Tis the season to upgrade!

Avail best ever prices + exclusive benefits* on #MiA3 and #RedmiGo! #1MiFanSale

Get y… https://t.co/CGkvTAf1i4",FALSE,310,NA,2019-12-21 13:00:00,TRUE,NA,"1208371540049350656",NA,"<a href=""https://about.twitter.com/products/tweetdeck"" rel=""nofollow"">TweetDeck</a>","XiaomiIndia",118,FALSE,FALSE,NA,NA
"159","Mi Air Purifier at just <U+20B9>5,999! Get it here at 6 PM: https://t.co/N2BlKnn4ua

This #Christmas, gift yourself and yo… https://t.co/i7RfFJ9OXn",FALSE,296,NA,2019-12-21 11:30:00,TRUE,NA,"1208348890849849345",NA,"<a href=""https://about.twitter.com/products/tweetdeck"" rel=""nofollow"">TweetDeck</a>","XiaomiIndia",170,FALSE,FALSE,NA,NA
"160","End the year fully charged up with Mi USB Cable 80 cm (Fast Charging).

Going on sale for a limited time price of j… https://t.co/37x75RuIJF",FALSE,372,NA,2019-12-21 09:30:00,TRUE,NA,"1208318691902799872",NA,"<a href=""https://about.twitter.com/products/tweetdeck"" rel=""nofollow"">TweetDeck</a>","XiaomiIndia",196,FALSE,FALSE,NA,NA
"161","Style it up this #Christmas 

Avail exciting offers on Mi Men’s Sports Shoes 2 and #MiBand3 only in the #1MiFanSale… https://t.co/ZCkNskmT5S",FALSE,431,NA,2019-12-21 07:00:00,TRUE,NA,"1208280944097947648",NA,"<a href=""https://about.twitter.com/products/tweetdeck"" rel=""nofollow"">TweetDeck</a>","XiaomiIndia",210,FALSE,FALSE,NA,NA
"162","Crazy deals are BACK! Get the Mi Home Security Camera Basic 1080p White for just <U+20B9>1,299!

Buy yours in the… https://t.co/WHPYvtPcCJ",FALSE,366,NA,2019-12-21 03:30:00,TRUE,NA,"1208228095137697794",NA,"<a href=""https://about.twitter.com/products/tweetdeck"" rel=""nofollow"">TweetDeck</a>","XiaomiIndia",199,FALSE,FALSE,NA,NA
"163","Mi fans! Crazy #Christmas delights with #MiA3 and #RedmiGo! Available now at incredible prices and exclusive benefi… https://t.co/IvouBoKlp4",FALSE,369,NA,2019-12-20 13:30:00,TRUE,NA,"1208016703189344257",NA,"<a href=""https://about.twitter.com/products/tweetdeck"" rel=""nofollow"">TweetDeck</a>","XiaomiIndia",116,FALSE,FALSE,NA,NA
"164","The #Christmas bells are ringing! Listen to your favourite winter music with Mi In-Ear Headphones Basic Matte Silve… https://t.co/qABI0irYuF",FALSE,223,NA,2019-12-20 11:30:00,TRUE,NA,"1207986503412006912",NA,"<a href=""https://about.twitter.com/products/tweetdeck"" rel=""nofollow"">TweetDeck</a>","XiaomiIndia",105,FALSE,FALSE,NA,NA
"165","The sounds of the season are best experienced with #Xiaomi. Mi Bluetooth Speaker Basic 2 and Mi Earphones are now a… https://t.co/YNScTMP92l",FALSE,259,NA,2019-12-20 10:30:00,TRUE,NA,"1207971404529844224",NA,"<a href=""https://about.twitter.com/products/tweetdeck"" rel=""nofollow"">TweetDeck</a>","XiaomiIndia",124,FALSE,FALSE,NA,NA
"166","@Sujit_Kr_Sinha That's great!",FALSE,1,"Sujit_Kr_Sinha",2019-12-20 09:33:14,FALSE,"1207882767070924800","1207957116704579585","702736356041052164","<a href=""https://mobile.twitter.com"" rel=""nofollow"">Twitter Web App</a>","XiaomiIndia",1,FALSE,FALSE,NA,NA
"167","@ParvezShah082 Thank you! Have you got one?",FALSE,0,"ParvezShah082",2019-12-20 09:32:22,FALSE,"1207865845247922176","1207956899498360832","1195950018705776640","<a href=""https://mobile.twitter.com"" rel=""nofollow"">Twitter Web App</a>","XiaomiIndia",1,FALSE,FALSE,NA,NA
"168","@karthickraj370 @Flipkart @amazonIN Hey, our team is working on it. It will take some time. Stay tuned for more updates on the same.",FALSE,2,"karthickraj370",2019-12-18 09:29:41,FALSE,"1207202517492219904","1207231449071407104","1533697016","<a href=""https://mobile.twitter.com"" rel=""nofollow"">Twitter Web App</a>","XiaomiIndia",1,FALSE,FALSE,NA,NA
"169","#StepOut with swag with the all-new #MiStepOutBackpack! Get yours for just <U+20B9>249 from https://t.co/D3b3QtmvaT:… https://t.co/grCNU2Z4R7",FALSE,201,NA,2019-12-18 09:24:35,TRUE,NA,"1207230167094939650",NA,"<a href=""https://mobile.twitter.com"" rel=""nofollow"">Twitter Web App</a>","XiaomiIndia",20,FALSE,FALSE,NA,NA
"170","No. 1 offers for No. 1 Mi Fans!

This #1MiFanSale, get your hands on our most wanted smartphones!

<U+0001F389> Unbelievable p… https://t.co/CqNk7jpePW",FALSE,481,NA,2019-12-18 07:30:00,TRUE,NA,"1207201329069875200",NA,"<a href=""https://about.twitter.com/products/tweetdeck"" rel=""nofollow"">TweetDeck</a>","XiaomiIndia",56,FALSE,FALSE,NA,NA
"171","@tsaikumar1989 @RedmiIndia @Flipkart @amazonIN The offers will be revealed soon! Stay tuned. #1MiFanSale",FALSE,1,"tsaikumar1989",2019-12-18 05:19:11,FALSE,"1207167979948924928","1207168409688891392","325600527","<a href=""https://mobile.twitter.com"" rel=""nofollow"">Twitter Web App</a>","XiaomiIndia",1,FALSE,FALSE,NA,NA
"172","'Tis the season of joy, happiness &amp; MEGA offers on your favorite #Xiaomi products! The #1MiFanSale is back! <U+0001F60D>

Get… https://t.co/4sNwv9cuoN",FALSE,393,NA,2019-12-18 04:30:00,TRUE,NA,"1207156030544568322",NA,"<a href=""https://studio.twitter.com"" rel=""nofollow"">Twitter Media Studio</a>","XiaomiIndia",39,FALSE,FALSE,NA,NA
"173","@ayushb_tweets It is not waterproof, but water-repellant! Know more: https://t.co/e9Dulm3PrX",FALSE,1,"ayushb_tweets",2019-12-17 13:36:02,FALSE,"1206899780028227584","1206931057997541376","1383457099","<a href=""https://mobile.twitter.com"" rel=""nofollow"">Twitter Web App</a>","XiaomiIndia",1,FALSE,FALSE,NA,NA
"174","@Thowfeek0101 We've checked it and it is in stock! Purchase it from here: https://t.co/e9Dulm3PrX",FALSE,1,"Thowfeek0101",2019-12-17 11:09:26,FALSE,"1206891073391345664","1206894162563354625","1031428919256182785","<a href=""https://mobile.twitter.com"" rel=""nofollow"">Twitter Web App</a>","XiaomiIndia",1,FALSE,FALSE,NA,NA
"175","@DipakGore9 Are you waiting for that?",FALSE,1,"DipakGore9",2019-12-17 10:37:34,FALSE,"1206854468433629189","1206886143662292993","1017410256735883264","<a href=""https://mobile.twitter.com"" rel=""nofollow"">Twitter Web App</a>","XiaomiIndia",1,FALSE,FALSE,NA,NA
"176","@SantoshRaghvan #108MP is coming soon! Stay tuned.",FALSE,0,"SantoshRaghvan",2019-12-17 10:37:22,FALSE,"1206861354444840961","1206886095058690048","814800043148505089","<a href=""https://mobile.twitter.com"" rel=""nofollow"">Twitter Web App</a>","XiaomiIndia",1,FALSE,FALSE,NA,NA
"177","Hiking trails, cycling trips, gym classes or daily grocery shopping; it's time to #StepOut with swag with the all-n… https://t.co/7FGbP2VqbM",FALSE,303,NA,2019-12-17 07:06:28,TRUE,NA,"1206833020444934146",NA,"<a href=""https://studio.twitter.com"" rel=""nofollow"">Twitter Media Studio</a>","XiaomiIndia",36,FALSE,FALSE,NA,NA
"178","@gopalmaske0001 How do you relate this post with that?",FALSE,1,"gopalmaske0001",2019-12-16 12:55:45,FALSE,"1206521195241209856","1206558531647758336","3284850642","<a href=""https://mobile.twitter.com"" rel=""nofollow"">Twitter Web App</a>","XiaomiIndia",1,FALSE,FALSE,NA,NA
"179","@ParthKatrodiya6 You may guess again!",FALSE,1,"ParthKatrodiya6",2019-12-16 12:55:21,FALSE,"1206522325220253697","1206558432569909249","1065313249808211969","<a href=""https://mobile.twitter.com"" rel=""nofollow"">Twitter Web App</a>","XiaomiIndia",1,FALSE,FALSE,NA,NA
"180","@_gtech9 Not really! Keep guessing.",FALSE,3,"_gtech9",2019-12-16 12:55:00,FALSE,"1206534283462004737","1206558345303191553","1028996734574161926","<a href=""https://mobile.twitter.com"" rel=""nofollow"">Twitter Web App</a>","XiaomiIndia",1,FALSE,FALSE,NA,NA
"181","@Batman66585564 Maybe something else!",FALSE,0,"Batman66585564",2019-12-16 12:54:45,FALSE,"1206532536576311296","1206558281797234689","1080503978243219456","<a href=""https://mobile.twitter.com"" rel=""nofollow"">Twitter Web App</a>","XiaomiIndia",1,FALSE,FALSE,NA,NA
"182","@SAINI_BRIJPAL You'll receive it soon! You may please wait for the same.",FALSE,1,"SAINI_BRIJPAL",2019-12-16 12:18:48,FALSE,"1206547559092637697","1206549231822983170","458590293","<a href=""https://mobile.twitter.com"" rel=""nofollow"">Twitter Web App</a>","XiaomiIndia",1,FALSE,FALSE,NA,NA
"183","@Balaji_Rangaa We're testing it. Stay tuned for the latest updates on the same!",FALSE,3,"Balaji_Rangaa",2019-12-16 12:18:19,FALSE,"1206546702406053892","1206549109831716865","872729744915275776","<a href=""https://mobile.twitter.com"" rel=""nofollow"">Twitter Web App</a>","XiaomiIndia",2,FALSE,FALSE,NA,NA
"184","@svomoin Awesome! Glad to hear that.",FALSE,0,"svomoin",2019-12-16 12:17:42,FALSE,"1206545618287546368","1206548956563431424","939693792386473984","<a href=""https://mobile.twitter.com"" rel=""nofollow"">Twitter Web App</a>","XiaomiIndia",1,FALSE,FALSE,NA,NA
"185","@gowtham93vikram You should be receiving it soon as we've already started rolling out it in batches! Please wait for the same.",FALSE,0,"gowtham93vikram",2019-12-16 11:59:24,FALSE,"1206542968410132480","1206544349875462146","2338116734","<a href=""https://mobile.twitter.com"" rel=""nofollow"">Twitter Web App</a>","XiaomiIndia",1,FALSE,FALSE,NA,NA
"186","@jatin_s19 Hey, we have just started rolling out the update for #RedmiNote8Pro. Please be patient. It might take so… https://t.co/r6mwtSRbU4",FALSE,1,"jatin_s19",2019-12-16 11:57:42,TRUE,"1206541630368387077","1206543922220023808","721232062599073792","<a href=""https://mobile.twitter.com"" rel=""nofollow"">Twitter Web App</a>","XiaomiIndia",0,FALSE,FALSE,NA,NA
"187","@ParvezShah082 https://t.co/A2LmppNnn3",FALSE,1,"ParvezShah082",2019-12-16 11:55:44,FALSE,"1206530393307930625","1206543428311343104","1195950018705776640","<a href=""https://mobile.twitter.com"" rel=""nofollow"">Twitter Web App</a>","XiaomiIndia",0,FALSE,FALSE,NA,NA
"188","@PanduNTR9999 Hey, thanks for reporting this issue via the feedback app. Our relevant team will look at it and try… https://t.co/BtdO4UXhUS",FALSE,2,"PanduTaRak9",2019-12-16 11:38:46,TRUE,"1206537354904657921","1206539156656013312","835056304884494337","<a href=""https://mobile.twitter.com"" rel=""nofollow"">Twitter Web App</a>","XiaomiIndia",1,FALSE,FALSE,NA,NA
"189","@Neerajpathak18 We've started rolling out the update in batches for the #RedmiNote6Pro. Please wait. You'll get it soon!",FALSE,1,"Neerajpathak18",2019-12-16 11:35:22,FALSE,"1206530747051339776","1206538301508739074","705019441","<a href=""https://mobile.twitter.com"" rel=""nofollow"">Twitter Web App</a>","XiaomiIndia",1,FALSE,FALSE,NA,NA
"190","@Neel01036139 We've already started rolling out updates for the Mi TV 4A 32 &amp; Mi TV 4A 43 Smart TVs in batches. Ple… https://t.co/yQvaLlT8l0",FALSE,0,"Uttrakhand_Se",2019-12-16 11:32:56,TRUE,"1206530198725808128","1206537691308838912","925414043707428864","<a href=""https://mobile.twitter.com"" rel=""nofollow"">Twitter Web App</a>","XiaomiIndia",1,FALSE,FALSE,NA,NA
"191","@Jithin_prakash_ We've started rolling out the updates in batches for #RedmiNote8Pro! Rest assured, you'll receive… https://t.co/7lCrKtfCM4",FALSE,2,"Jithin_prakash_",2019-12-16 11:31:27,TRUE,"1206530924390670337","1206537315666952193","2172233050","<a href=""https://mobile.twitter.com"" rel=""nofollow"">Twitter Web App</a>","XiaomiIndia",1,FALSE,FALSE,NA,NA
"192","@MOVIEUPDATES99 Thanks for the suggestion. You can also share this via the feedback app on your device.",FALSE,3,"MOVIEUPDATES99",2019-12-16 11:21:56,FALSE,"1206532042311159808","1206534920828379141","990475605308162048","<a href=""https://mobile.twitter.com"" rel=""nofollow"">Twitter Web App</a>","XiaomiIndia",1,FALSE,FALSE,NA,NA
"193","Mi fans, we've rolled out #MIUI11 updates for 27 devices starting from 22nd Oct &amp; it took us only 47 days to roll o… https://t.co/Uvmx57Q5cc",FALSE,1891,NA,2019-12-16 11:01:48,TRUE,NA,"1206529855023501312",NA,"<a href=""https://studio.twitter.com"" rel=""nofollow"">Twitter Media Studio</a>","XiaomiIndia",445,FALSE,FALSE,NA,NA
"194","Stepping out? Hold on till tomorrow for the perfect companion. Can you guess what we're on about? #StepOutWithMi https://t.co/DwoaJChtIv",FALSE,211,NA,2019-12-16 10:22:22,FALSE,NA,"1206519931266686989",NA,"<a href=""https://mobile.twitter.com"" rel=""nofollow"">Twitter Web App</a>","XiaomiIndia",32,FALSE,FALSE,NA,NA
"195","A well groomed beard maketh a well groomed man! Can you guess these characters using their beard styles as clues? L… https://t.co/zV1DbGQpXH",FALSE,238,NA,2019-12-16 09:19:16,TRUE,NA,"1206504051677941760",NA,"<a href=""https://mobile.twitter.com"" rel=""nofollow"">Twitter Web App</a>","XiaomiIndia",40,FALSE,FALSE,NA,NA
"196","@mastinewsSingh1 @Flipkart Thanks for the positive feedback!",FALSE,0,"mastinewsSingh1",2019-12-16 07:38:45,FALSE,"1206461605589876737","1206478757608845312","1141690757503315970","<a href=""https://mobile.twitter.com"" rel=""nofollow"">Twitter Web App</a>","XiaomiIndia",1,FALSE,FALSE,NA,NA
"197","@kirubas95951403 @Flipkart That's great! Glad to hear that.",FALSE,1,"kirubas95951403",2019-12-16 07:38:30,FALSE,"1206463704205680647","1206478691515027457","2515197270","<a href=""https://mobile.twitter.com"" rel=""nofollow"">Twitter Web App</a>","XiaomiIndia",1,FALSE,FALSE,NA,NA
"198","@ParvezShah082 @Flipkart Indeed! Have you got one for yourself?",FALSE,0,"ParvezShah082",2019-12-16 07:37:02,FALSE,"1206475958930161664","1206478322982457344","1195950018705776640","<a href=""https://mobile.twitter.com"" rel=""nofollow"">Twitter Web App</a>","XiaomiIndia",1,FALSE,FALSE,NA,NA
"199","Mi fans, fitness on your mind? Ignite your fitness journey with the all-new #MiSmartBand3i now available 24x7 acros… https://t.co/4ncdHbw3O4",FALSE,158,NA,2019-12-16 06:30:00,TRUE,NA,"1206461453869305857",NA,"<a href=""https://about.twitter.com/products/tweetdeck"" rel=""nofollow"">TweetDeck</a>","XiaomiIndia",14,FALSE,FALSE,NA,NA
"200","@DaggupatiCse @Flipkart We're listening!",FALSE,1,"DaggupatiCse",2019-12-16 05:31:18,FALSE,"1205414121975336960","1206446683610968064","475617512","<a href=""https://mobile.twitter.com"" rel=""nofollow"">Twitter Web App</a>","XiaomiIndia",1,FALSE,FALSE,NA,NA
"201","@elootindia @Flipkart Awesome!",FALSE,0,"elootindia",2019-12-16 05:31:04,FALSE,"1205447816090472448","1206446623942819840","973473211009589249","<a href=""https://mobile.twitter.com"" rel=""nofollow"">Twitter Web App</a>","XiaomiIndia",1,FALSE,FALSE,NA,NA
"202","Mi fans, the all-new #MiSmartBand3i will be available on @Flipkart from 16th December!

Click here to get notified:… https://t.co/IpKFmrEJJp",FALSE,495,NA,2019-12-13 06:51:16,TRUE,NA,"1205379642233778176",NA,"<a href=""https://mobile.twitter.com"" rel=""nofollow"">Twitter Web App</a>","XiaomiIndia",31,FALSE,FALSE,NA,NA
"203","Looking for the most-recommended smart water purifier? #MiSmartWaterPurifier was Arjun's choice and should be yours… https://t.co/PwXrOdXJIb",FALSE,173,NA,2019-12-12 07:15:37,TRUE,NA,"1205023381856247808",NA,"<a href=""https://mobile.twitter.com"" rel=""nofollow"">Twitter Web App</a>","XiaomiIndia",20,FALSE,FALSE,NA,NA
"204","@suryahasyadav @MiTVIndia We have started rolling out the updates in batches. You'll get it soon. Please be patient.",FALSE,1,"suryahasyadav",2019-12-11 10:12:42,FALSE,"1204693806034997248","1204705558202175489","169439385","<a href=""https://mobile.twitter.com"" rel=""nofollow"">Twitter Web App</a>","XiaomiIndia",1,FALSE,FALSE,NA,NA
"205","@Rajshet88488430 @MiTVIndia Awesome! Glad to hear that.",FALSE,1,"Rajshet88488430",2019-12-11 10:12:04,FALSE,"1204692639724924928","1204705402060828672","1084784395557396480","<a href=""https://mobile.twitter.com"" rel=""nofollow"">Twitter Web App</a>","XiaomiIndia",1,FALSE,FALSE,NA,NA
"206","@iParth_ @MiTVIndia Are you waiting for that?",FALSE,2,"iParth_",2019-12-11 10:11:49,FALSE,"1204695711096303616","1204705338135461894","324243220","<a href=""https://mobile.twitter.com"" rel=""nofollow"">Twitter Web App</a>","XiaomiIndia",2,FALSE,FALSE,NA,NA
"207","@sandipdkhairnar @MiTVIndia We have already started rolling out the update for the Mi TV 4A 32 and 43-inch models.… https://t.co/ghCEailIYh",FALSE,1,"sandipdkhairnar",2019-12-11 10:11:31,TRUE,"1204694352011890688","1204705260280827905","75500972","<a href=""https://mobile.twitter.com"" rel=""nofollow"">Twitter Web App</a>","XiaomiIndia",1,FALSE,FALSE,NA,NA
"208","@RabariD23965061 Stay tuned to our social media pages for the latest updates on our upcoming products!",FALSE,0,"RabariD23965061",2019-12-11 09:42:52,FALSE,"1204694748604223488","1204698051626987520","1148903050351742976","<a href=""https://mobile.twitter.com"" rel=""nofollow"">Twitter Web App</a>","XiaomiIndia",1,FALSE,FALSE,NA,NA
"209","Hey beardos! Winter is coming and it's time to get grooming with #MiBeardTrimmer.

Check out our super-cool 'Modern… https://t.co/cKTUTOTk1L",FALSE,162,NA,2019-12-11 09:15:28,TRUE,NA,"1204691157394964481",NA,"<a href=""https://mobile.twitter.com"" rel=""nofollow"">Twitter Web App</a>","XiaomiIndia",20,FALSE,FALSE,NA,NA
"210","@RabariD23965061 Stay tuned for the latest updates on our upcoming products.",FALSE,0,"RabariD23965061",2019-12-11 05:44:31,FALSE,"1204389184200269824","1204638068654821377","1148903050351742976","<a href=""https://mobile.twitter.com"" rel=""nofollow"">Twitter Web App</a>","XiaomiIndia",1,FALSE,FALSE,NA,NA
"211","#MiSmartWaterPurifier is winning the hearts of Mi Fans across the country! Have you got yours yet?

Switch to the a… https://t.co/7RzBh9xCif",FALSE,176,NA,2019-12-10 13:00:01,TRUE,NA,"1204385277575196678",NA,"<a href=""https://about.twitter.com/products/tweetdeck"" rel=""nofollow"">TweetDeck</a>","XiaomiIndia",18,FALSE,FALSE,NA,NA
"212","@srsantanu36 #108MP is coming soon!",FALSE,0,"srsantanu36",2019-12-10 12:30:57,FALSE,"1204358178776838144","1204377964005085184","293360018","<a href=""https://mobile.twitter.com"" rel=""nofollow"">Twitter Web App</a>","XiaomiIndia",1,FALSE,FALSE,NA,NA
"213","Mi fans, introducing the all-new Mi 2A Fast Charger with cable! #TerrificTechTuesdays

<U+26A1><U+FE0F> 2A Fast Charging
<U+0001F50C> 10W Ou… https://t.co/mWqk7lgIDy",FALSE,320,NA,2019-12-10 10:57:58,TRUE,NA,"1204354565350424576",NA,"<a href=""https://mobile.twitter.com"" rel=""nofollow"">Twitter Web App</a>","XiaomiIndia",31,FALSE,FALSE,NA,NA
"214","@RohitSh62572814 Thank you! #RunWithMi",FALSE,0,"RohitSh62572814",2019-12-09 11:08:18,FALSE,"1203966966001623040","1203994777231822849","947132940785352705","<a href=""https://mobile.twitter.com"" rel=""nofollow"">Twitter Web App</a>","XiaomiIndia",1,FALSE,FALSE,NA,NA
"215","@_shashankpai_ Thanks for taking part. <U+0001F44D> #RunWithMi",FALSE,1,"_shashankpai_",2019-12-09 11:05:34,FALSE,"1203948101502820353","1203994090116796416","884764888769347584","<a href=""https://mobile.twitter.com"" rel=""nofollow"">Twitter Web App</a>","XiaomiIndia",1,FALSE,FALSE,NA,NA
"216","@Madhavs25489989 We're happy to hear that. Thank you! <U+0001F60A>#RunWithMi",FALSE,0,"Madhavs25489989",2019-12-09 11:04:01,FALSE,"1203984777784614912","1203993699031511040","1202662675462770688","<a href=""https://mobile.twitter.com"" rel=""nofollow"">Twitter Web App</a>","XiaomiIndia",1,FALSE,FALSE,NA,NA
"217","@AmitKum62847270 Thanks for all your love. <U+0001F44D> #RunWithMi",FALSE,0,"AmitKum62847270",2019-12-09 11:00:54,FALSE,"1203985142223532034","1203992914180788225","1202587934878126083","<a href=""https://mobile.twitter.com"" rel=""nofollow"">Twitter Web App</a>","XiaomiIndia",1,FALSE,FALSE,NA,NA
"218","@JayaPra96215673 @manukumarjain @MiTVIndia @MiIndiaSupport You'll love it! <U+0001F60A>",FALSE,4,"JayaPra96215673",2019-11-29 07:19:00,FALSE,"1200297470934171648","1200313192196399105","1188351867408936961","<a href=""https://mobile.twitter.com"" rel=""nofollow"">Twitter Web App</a>","XiaomiIndia",1,FALSE,FALSE,NA,NA
"219","@santosh20145897 @RedmiIndia @manukumarjain @stufflistings We hear you! Please report this issue via the feedback a… https://t.co/Wlp1DLErvh",FALSE,3,"santosh20145897",2019-11-29 07:18:06,TRUE,"1200301467745185792","1200312964865089536","1172041473895743488","<a href=""https://mobile.twitter.com"" rel=""nofollow"">Twitter Web App</a>","XiaomiIndia",1,FALSE,FALSE,NA,NA
"220","@akcool88 @manukumarjain Glad to hear that!",FALSE,1,"akcool88",2019-11-29 07:16:36,FALSE,"1200297903232696320","1200312590196338688","2989552435","<a href=""https://mobile.twitter.com"" rel=""nofollow"">Twitter Web App</a>","XiaomiIndia",1,FALSE,FALSE,NA,NA
"221","Mi fans, here's @manukumarjain sharing his favourite #Xiaomi products amongst the recently launched ones. 

Which o… https://t.co/k18GrwsSID",FALSE,1211,NA,2019-11-29 06:09:32,TRUE,NA,"1200295711172001792",NA,"<a href=""http://twitter.com/download/android"" rel=""nofollow"">Twitter for Android</a>","XiaomiIndia",119,FALSE,FALSE,NA,NA
"222","@dhanagane1 #108MP is coming soon! Stay tuned.",FALSE,1,"dhanagane1",2019-11-29 06:06:12,FALSE,"1200291808049164288","1200294869807165440","1010989367479824385","<a href=""https://mobile.twitter.com"" rel=""nofollow"">Twitter Web App</a>","XiaomiIndia",1,FALSE,FALSE,NA,NA
"223","@SaiMadh99477848 We <U+2665><U+FE0F> fans like you!",FALSE,2,"SaiMadh99477848",2019-11-29 06:05:28,FALSE,"1200292878230020096","1200294689246605312","1164200366503686144","<a href=""https://mobile.twitter.com"" rel=""nofollow"">Twitter Web App</a>","XiaomiIndia",1,FALSE,FALSE,NA,NA
"224","@ParvezShah082 Thank you!",FALSE,0,"ParvezShah082",2019-11-29 06:05:13,FALSE,"1200291679233687552","1200294626336198657","1195950018705776640","<a href=""https://mobile.twitter.com"" rel=""nofollow"">Twitter Web App</a>","XiaomiIndia",1,FALSE,FALSE,NA,NA
"225","At #Xiaomi, we're as much a smart #IoT company as we are a #smartphone company.

Our range includes #smarthome prod… https://t.co/LuOJSisCpW",FALSE,238,NA,2019-11-29 05:51:36,TRUE,NA,"1200291198763585536",NA,"<a href=""https://studio.twitter.com"" rel=""nofollow"">Twitter Media Studio</a>","XiaomiIndia",26,FALSE,FALSE,NA,NA
"226","@dhanagane1 @Flipkart @amazon Good things come to those who wait! #108MP is coming soon. <U+0001F60E>",FALSE,2,"dhanagane1",2019-11-29 05:41:16,FALSE,"1200097161448316929","1200288595484872704","1010989367479824385","<a href=""https://mobile.twitter.com"" rel=""nofollow"">Twitter Web App</a>","XiaomiIndia",1,FALSE,FALSE,NA,NA
"227","@shivgmailcom3 @Flipkart @amazon #108MP is coming soon! Stay tuned.",FALSE,0,"shivgmailcom3",2019-11-29 05:40:05,FALSE,"1200104554261442560","1200288298398179328","1171315194376491009","<a href=""https://mobile.twitter.com"" rel=""nofollow"">Twitter Web App</a>","XiaomiIndia",1,FALSE,FALSE,NA,NA
"228","@ParvezShah082 @Flipkart @amazon https://t.co/4RaDUdKUR2",FALSE,1,"ParvezShah082",2019-11-29 05:39:24,FALSE,"1200084676154511360","1200288126603710464","1195950018705776640","<a href=""https://mobile.twitter.com"" rel=""nofollow"">Twitter Web App</a>","XiaomiIndia",1,FALSE,FALSE,NA,NA
"229","@SimplySangram @RanveerOfficial @amazonIN @Flipkart Awesome! <U+2665><U+FE0F>",FALSE,1,"SimplySangram",2019-11-29 05:22:58,FALSE,"1200269343684055042","1200283993674932224","484656863","<a href=""https://mobile.twitter.com"" rel=""nofollow"">Twitter Web App</a>","XiaomiIndia",1,FALSE,FALSE,NA,NA
"230","Mi fans, @RanveerOfficial has a message for you! Time to check out the crazy deals during the #BlackFridaySale &gt;… https://t.co/zHKq6hOGMd",FALSE,569,NA,2019-11-29 03:29:59,TRUE,NA,"1200255558185447425",NA,"<a href=""http://twitter.com/download/android"" rel=""nofollow"">Twitter for Android</a>","XiaomiIndia",54,FALSE,FALSE,NA,NA
"231","Mi fans, set your clocks for #BlackFridaySale starting midnight! Great deals, amazing discounts on #Xiaomi phones c… https://t.co/Wd0YpNBMu7",FALSE,316,NA,2019-11-28 16:10:30,TRUE,NA,"1200084559053742080",NA,"<a href=""http://twitter.com/download/android"" rel=""nofollow"">Twitter for Android</a>","XiaomiIndia",38,FALSE,FALSE,NA,NA
"232","Mi fans, just 3 days to go for #RunWithMi energized by #MiSmartBand. Excited? 

Here's Tip #4. Make sure you protec… https://t.co/YoSZtE6aOi",FALSE,166,NA,2019-11-28 13:15:15,TRUE,NA,"1200040459533307904",NA,"<a href=""http://twitter.com/download/android"" rel=""nofollow"">Twitter for Android</a>","XiaomiIndia",19,FALSE,FALSE,NA,NA
"233","@Manmohan_Biswal #108MP is coming soon! Stay tuned for more details.",FALSE,5,"Manmohan_Biswal",2019-11-28 09:51:25,FALSE,"1199987622640148480","1199989160183914498","4722691142","<a href=""https://mobile.twitter.com"" rel=""nofollow"">Twitter Web App</a>","XiaomiIndia",1,FALSE,FALSE,NA,NA
"234","@imAjayKewat @RedmiIndia https://t.co/cQgD54wJYo",FALSE,5,"imAjayKewat",2019-11-28 09:51:04,FALSE,"1199987232578228226","1199989075496718336","4066705994","<a href=""https://mobile.twitter.com"" rel=""nofollow"">Twitter Web App</a>","XiaomiIndia",1,FALSE,FALSE,NA,NA
"235","@JaydipGhosh4 #108MP https://t.co/fEqI1TK70Y",FALSE,3,"JaydipGhosh4",2019-11-25 09:13:45,FALSE,"1198871529867497472","1198892518563147778","962534179","<a href=""https://mobile.twitter.com"" rel=""nofollow"">Twitter Web App</a>","XiaomiIndia",0,FALSE,FALSE,NA,NA
"236","@Srivatsa_23 #108MP https://t.co/tJXDRd5ymq",FALSE,3,"Srivatsa_23",2019-11-25 09:12:23,FALSE,"1198872357571448833","1198892172973469699","744095291138252800","<a href=""https://mobile.twitter.com"" rel=""nofollow"">Twitter Web App</a>","XiaomiIndia",0,FALSE,FALSE,NA,NA
"237","@santosh20145897 Thanks! #108MP https://t.co/t8EIWO9qsS",FALSE,6,"santosh20145897",2019-11-25 07:42:57,FALSE,"1198865963023626240","1198869669605625857","1172041473895743488","<a href=""https://mobile.twitter.com"" rel=""nofollow"">Twitter Web App</a>","XiaomiIndia",2,FALSE,FALSE,NA,NA
"238","@raghuprajju #108MP https://t.co/25cIbH8wUP",FALSE,2,"raghuprajju",2019-11-25 07:39:50,FALSE,"1198866690907373568","1198868882531864576","855116045132091392","<a href=""https://mobile.twitter.com"" rel=""nofollow"">Twitter Web App</a>","XiaomiIndia",1,FALSE,FALSE,NA,NA
"239","@iDURGADA5 We're listening! #108MP",FALSE,38,"iDURGADA5",2019-11-25 07:37:24,FALSE,"1198867516426080256","1198868270796816385","1364913709","<a href=""https://mobile.twitter.com"" rel=""nofollow"">Twitter Web App</a>","XiaomiIndia",4,FALSE,FALSE,NA,NA
"240","@Ramanathan_PLV We don't have a concrete update on that. Stay tuned!",FALSE,17,"Ramanathan_PLV",2019-11-25 07:36:23,FALSE,"1198865899433807874","1198868014340247552","3261874363","<a href=""https://mobile.twitter.com"" rel=""nofollow"">Twitter Web App</a>","XiaomiIndia",2,FALSE,FALSE,NA,NA
"241","@torsha_sengupta #108MP https://t.co/BPC488V96l",FALSE,8,"torsha_sengupta",2019-11-25 07:35:15,FALSE,"1198867410314416128","1198867732080414720","2484912859","<a href=""https://mobile.twitter.com"" rel=""nofollow"">Twitter Web App</a>","XiaomiIndia",1,FALSE,FALSE,NA,NA
"242","@JayaPra96215673 #108MP https://t.co/iJ1PAfP4f7",FALSE,5,"JayaPra96215673",2019-11-25 07:34:05,FALSE,"1198866652433006592","1198867435350134784","1188351867408936961","<a href=""https://mobile.twitter.com"" rel=""nofollow"">Twitter Web App</a>","XiaomiIndia",0,FALSE,FALSE,NA,NA
